ranks,wall_time_s,solver_time_s,communication_time_s
1,408.01377171300555,594.58,0.12
2,244.59857606600417,594.74,16.64
4,198.2842757230028,616.02,40.99999999999999
6,204.29957969899988,666.14,63.559999999999995
8,226.816808536998,713.86,86.89999999999999
10,252.40171006700257,798.78,110.82
12,277.79596090500127,859.24,138.74
